{
  "hard_bal": {
    "macro_f1_mean": 0.4775801046235385,
    "macro_f1_std": 0.024237903330727627,
    "runs": [
      0.5081912042438358,
      0.48376999549431204,
      0.4807865821556524,
      0.43358214866774036,
      0.48157059255615176
    ]
  },
  "random_bal": {
    "macro_f1_mean": 0.4128415361143336,
    "macro_f1_std": 0.011088531808159188,
    "runs": [
      0.4121593552675307,
      0.394015715175098,
      0.4275131772897496,
      0.4193185670451749,
      0.4112008657941148
    ]
  }
}