{
  "hard320": {
    "macro_f1_mean": 0.5402405611166936,
    "macro_f1_std": 0.016566909512030825,
    "runs": [
      0.5493239832826446,
      0.550869693054128,
      0.5248244158508771,
      0.5165292127874737,
      0.5596555006083441
    ]
  },
  "random320": {
    "macro_f1_mean": 0.37196416717873787,
    "macro_f1_std": 0.0039407726887919735,
    "runs": [
      0.3701584760436181,
      0.36908527590247053,
      0.36830768449161727,
      0.37313942325180127,
      0.37912997620418226
    ]
  }
}