{
  "confusion": [
    [
      2485,
      731
    ],
    [
      245,
      1862
    ]
  ],
  "auc": 0.8912865519342066,
  "accuracy": 0.816644749201578,
  "precision": 0.7180871577323563,
  "recall": 0.8837209302325582,
  "f1": 0.7923404255319149
}