{
  "wb": {
    "accuracy": 0.708,
    "precision": 0.5913978494623656,
    "recall": 0.3374233128834356,
    "f1": 0.42968750000000006,
    "confusion": [
      [
        299,
        38
      ],
      [
        108,
        55
      ]
    ]
  },
  "xhs": {
    "accuracy": 0.652,
    "precision": 0.4444444444444444,
    "recall": 0.14285714285714285,
    "f1": 0.21621621621621623,
    "confusion": [
      [
        302,
        30
      ],
      [
        144,
        24
      ]
    ]
  },
  "tieba": {
    "accuracy": 0.592,
    "precision": 0.6130653266331658,
    "recall": 0.4899598393574297,
    "f1": 0.5446428571428571,
    "confusion": [
      [
        174,
        77
      ],
      [
        127,
        122
      ]
    ]
  },
  "zhihu": {
    "accuracy": 0.618,
    "precision": 0.5951219512195122,
    "recall": 0.5304347826086957,
    "f1": 0.560919540229885,
    "confusion": [
      [
        187,
        83
      ],
      [
        108,
        122
      ]
    ]
  }
}