{
  "per_platform": {
    "wb": {
      "accuracy": 0.652,
      "precision": 0.47393364928909953,
      "recall": 0.6134969325153374,
      "f1": 0.5347593582887701,
      "confusion": [
        [
          226,
          111
        ],
        [
          63,
          100
        ]
      ]
    },
    "xhs": {
      "accuracy": 0.63,
      "precision": 0.453551912568306,
      "recall": 0.49404761904761907,
      "f1": 0.47293447293447294,
      "confusion": [
        [
          232,
          100
        ],
        [
          85,
          83
        ]
      ]
    },
    "tieba": {
      "accuracy": 0.654,
      "precision": 0.6319444444444444,
      "recall": 0.7309236947791165,
      "f1": 0.6778398510242085,
      "confusion": [
        [
          145,
          106
        ],
        [
          67,
          182
        ]
      ]
    },
    "zhihu": {
      "accuracy": 0.678,
      "precision": 0.6408163265306123,
      "recall": 0.6826086956521739,
      "f1": 0.6610526315789473,
      "confusion": [
        [
          182,
          88
        ],
        [
          73,
          157
        ]
      ]
    }
  },
  "comparison": {
    "wb": {
      "baseline": {
        "accuracy": 0.708,
        "precision": 0.5913978494623656,
        "recall": 0.3374233128834356,
        "f1": 0.42968750000000006
      },
      "optimized": {
        "accuracy": 0.652,
        "precision": 0.47393364928909953,
        "recall": 0.6134969325153374,
        "f1": 0.5347593582887701
      }
    },
    "xhs": {
      "baseline": {
        "accuracy": 0.652,
        "precision": 0.4444444444444444,
        "recall": 0.14285714285714285,
        "f1": 0.21621621621621623
      },
      "optimized": {
        "accuracy": 0.63,
        "precision": 0.453551912568306,
        "recall": 0.49404761904761907,
        "f1": 0.47293447293447294
      }
    },
    "tieba": {
      "baseline": {
        "accuracy": 0.592,
        "precision": 0.6130653266331658,
        "recall": 0.4899598393574297,
        "f1": 0.5446428571428571
      },
      "optimized": {
        "accuracy": 0.654,
        "precision": 0.6319444444444444,
        "recall": 0.7309236947791165,
        "f1": 0.6778398510242085
      }
    },
    "zhihu": {
      "baseline": {
        "accuracy": 0.618,
        "precision": 0.5951219512195122,
        "recall": 0.5304347826086957,
        "f1": 0.560919540229885
      },
      "optimized": {
        "accuracy": 0.678,
        "precision": 0.6408163265306123,
        "recall": 0.6826086956521739,
        "f1": 0.6610526315789473
      }
    }
  }
}