{
  "jaccard_vocab_overlap": {
    "wb-xhs": 0.21948529411764706,
    "wb-tieba": 0.21663619744058502,
    "wb-zhihu": 0.21519853947968964,
    "wb-COLD": 0.20870651947510935,
    "xhs-tieba": 0.16762589928057553,
    "xhs-zhihu": 0.17208182912154033,
    "xhs-COLD": 0.17332163229486616,
    "tieba-zhihu": 0.35721334122755083,
    "tieba-COLD": 0.3441154970760234,
    "zhihu-COLD": 0.38531073446327685
  },
  "proxy_a_distance": {
    "wb-xhs": 0.452666666666667,
    "wb-tieba": 0.9173333333333336,
    "wb-zhihu": 1.2466666666666661,
    "wb-COLD": 1.6680000000000006,
    "xhs-tieba": 1.06,
    "xhs-zhihu": 1.3186666666666667,
    "xhs-COLD": 1.686,
    "tieba-zhihu": 0.8546666666666667,
    "tieba-COLD": 1.3226666666666667,
    "zhihu-COLD": 0.960666666666667
  },
  "offensive_ratio": {
    "wb": 0.15945502712249274,
    "xhs": 0.05357369556937921,
    "tieba": 0.30476372680313757,
    "zhihu": 0.40072702094512724
  },
  "has_cold": true
}