{
  "logreg": {
    "accuracy": 0.6201390193499906,
    "precision": 0.5592747559274756,
    "recall": 0.19031798766018035,
    "f1": 0.2839943342776204,
    "auc": 0.5669389762152692
  },
  "svm": {
    "accuracy": 0.6246477550253616,
    "precision": 0.5786435786435786,
    "recall": 0.19031798766018035,
    "f1": 0.2864285714285714,
    "auc": 0.569550060565705
  },
  "rf": {
    "accuracy": 0.6210783392823596,
    "precision": 0.5797872340425532,
    "recall": 0.1551969625059326,
    "f1": 0.24485211531261697,
    "auc": 0.5642529964085601
  },
  "roberta": {
    "accuracy": 0.816644749201578,
    "precision": 0.7180871577323563,
    "recall": 0.8837209302325582,
    "f1": 0.7923404255319149,
    "auc": 0.8912865519342066
  }
}